Company Name,Website
Weyerhauser Company,
WGL Holdings Inc,
Whirlpool Corporation,
Whole Foods Market Inc,
Willamette Industries Inc.,
Williams Companies Inc,
Williams Sonoma Inc,
Winn Dixie Stores Inc,
Wisconsin Energy Corporation,
Wm Wrigley Jr Company,
World Fuel Services Corporation,
WorldCom Inc,
Worthington Industries Inc,
WPS Resources Corporation,
Wyeth,
Wyndham International Inc,
Xcel Energy Inc,
Xerox Corp,
Xilinx Inc,
XO Communications Inc,
Yellow Corporation,
York International Corp,
Yum Brands Inc.,
Zale Corporation,
Zions Bancorporation,
